{"cameraMode":{"drawMode":0,"name":"Shaded","section":"Shading Mode"},"sceneLighting":true,"audioPlay":false,"sceneViewState":{"showFog":true,"showMaterialUpdate":false,"showSkybox":true,"showFlares":true,"showImageEffects":true,"showParticleSystems":true},"in2DMode":false,"pivot":{"x":-2.225933790206909,"y":4.416498184204102,"z":-33.244285583496097},"rotation":{"x":-0.3012523353099823,"y":0.2715473771095276,"z":-0.08993958681821823,"w":-0.9096497893333435},"size":16.19152069091797,"orthographic":false}