{"cameraMode":{"drawMode":0,"name":"Shaded","section":"Shading Mode"},"sceneLighting":true,"audioPlay":false,"sceneViewState":{"showFog":true,"showMaterialUpdate":false,"showSkybox":true,"showFlares":true,"showImageEffects":true,"showParticleSystems":true},"in2DMode":false,"pivot":{"x":-4.742768287658691,"y":4.354065895080566,"z":6.989986896514893},"rotation":{"x":-0.32699134945869448,"y":0.031737320125103,"z":-0.011006628163158894,"w":-0.944442629814148},"size":29.250078201293947,"orthographic":false}