{"cameraMode":{"drawMode":0,"name":"Shaded","section":"Shading Mode"},"sceneLighting":true,"audioPlay":false,"sceneViewState":{"showFog":true,"showMaterialUpdate":false,"showSkybox":true,"showFlares":true,"showImageEffects":true,"showParticleSystems":true},"in2DMode":false,"pivot":{"x":14.756133079528809,"y":-3.279604911804199,"z":4.55693244934082},"rotation":{"x":0.21331334114074708,"y":0.6415196061134338,"z":-0.19233296811580659,"w":0.711361289024353},"size":20.499792098999025,"orthographic":false}